mut_type,motif,unpaired,nt_site_boundary,nt_site_before_boundary,rate,predicted_count,residual
AC,AAA,0,0,False,0.11793127819742413,6.203034240883803,0.6138675293904619
AC,AAA,1,0,False,0.13470087326231758,7.085093470489967,0.6138675293904619
AC,AAC,0,0,False,0.09964742993372665,5.241327231781645,0.6138675293904619
AC,AAC,1,0,False,0.11401103443760716,5.99683443836791,0.6138675293904619
AC,AAG,0,0,False,0.19043006675045177,10.016377695570855,0.5870737020676079
AC,AAG,1,0,False,0.2167398526125851,11.400238746410363,0.42112416280371123
AC,AAT,0,0,False,0.2116644959158804,11.133281482353118,0.6138675293904619
AC,AAT,1,0,False,0.2407685423408712,12.664117061191378,0.6138675293904619
AC,CAA,0,0,False,0.05176886852679911,2.722976202682765,0.7511159661300785
AC,CAA,1,0,False,0.059832083465061414,3.1470909847672632,0.5602228383070464
AC,CAC,0,0,False,0.0429775651066349,2.2605648986520706,0.8847082085617535
AC,CAC,1,0,False,0.04988392330758152,2.6238304975253666,0.99299340813368
AC,CAG,0,0,False,0.08662798782005356,4.5565212459335,0.5745881531727425
AC,CAG,1,0,False,0.09927835042959245,5.221914122411964,0.3380282591884534
AC,CAT,0,0,False,0.09683799979646643,5.093554803591541,0.46410935926689895
AC,CAT,1,0,False,0.11083190847403152,5.829616483050495,0.2786175794484299
AC,GAA,0,0,False,0.15955556642551053,8.392418508380668,0.4771823753095594
AC,GAA,1,0,False,0.18180254476012297,9.562581085053354,0.5483885162383995
AC,GAC,0,0,False,0.13529974065143693,7.116593128402919,0.8044922827153351
AC,GAC,1,0,False,0.15435486970900922,8.118868519760142,0.8323204004230051
AC,GAG,0,0,False,0.25573433353249697,13.451298516548484,0.3742880198468225
AC,GAG,1,0,False,0.29063757560830045,15.28716436166907,0.35852175718588375
AC,GAT,0,0,False,0.2839044762081607,14.933011953887798,0.5809721666623433
AC,GAT,1,0,False,0.3225146565828675,16.963858007384037,0.5974168103147193
AC,TAA,0,0,False,0.012193035106181657,0.6413380353372198,0.6213523535717329
AC,TAA,1,0,False,0.015048425067943606,0.7915278914518475,0.7050491583515089
AC,TAC,0,0,False,0.009079810452126948,0.47758640452443013,0.6683335966830075
AC,TAC,1,0,False,0.011525527951946599,0.6062280136615164,0.7426025479765742
AC,TAG,0,0,False,0.02453753789668672,1.2906430769395,0.627951529376494
AC,TAG,1,0,False,0.02901735378706042,1.5262756570792986,0.7562491315292699
AC,TAT,0,0,False,0.028153163417045414,1.4808203500752386,0.5426420537640154
AC,TAT,1,0,False,0.03310876322055805,1.7414785548802922,0.651039946105848
AG,AAA,0,0,False,0.3328787522890743,17.50899617194946,0.20147058609104684
AG,AAA,1,0,False,0.352322618792616,18.531718655248017,0.1894794550205586
AG,AAC,0,0,False,0.3611173467777633,18.99431008701221,0.5943114870083435
AG,AAC,1,0,False,0.382164869876297,20.101382853979377,0.27061300573308156
AG,AAG,0,0,False,0.5850865125761183,30.774801451004926,0.38515199805139283
AG,AAG,1,0,False,0.618853140017868,32.55088282162908,0.18851448283208094
AG,AAT,0,0,False,0.8475956691732504,44.5824469866666,0.23816267207296804
AG,AAT,1,0,False,0.8962700690394175,47.14265809977654,0.16381775627850853
AG,CAA,0,0,False,0.40260793553775404,21.17666193366821,0.14782184886829047
AG,CAA,1,0,False,0.42601168979792414,22.407669442957094,0.17589554596648532
AG,CAC,0,0,False,0.4365975294256513,22.96447105388655,0.21250468712797116
AG,CAC,1,0,False,0.46193153685126337,24.297007408294597,0.12971660316780573
AG,CAG,0,0,False,0.7061796784928243,37.14414693762713,0.1388994513064087
AG,CAG,1,0,False,0.7468231302824915,39.281940464268665,0.18813784869801997
AG,CAT,0,0,False,1.0221507735898159,53.76382198884693,0.16133676416201814
AG,CAT,1,0,False,1.0807380763272387,56.84543910108473,0.1647482484004888
AG,GAA,0,0,False,0.4325049927395034,22.749208864039424,0.2648606712794079
AG,GAA,1,0,False,0.45760658691772055,24.069520579202802,0.31614047388946154
AG,GAC,0,0,False,0.46896038286930064,24.666715709520634,0.18875523416399081
AG,GAC,1,0,False,0.496132261630133,26.09592174305846,0.23136620475469538
AG,GAG,0,0,False,0.7580995367140407,39.875065004917886,0.22209466869983274
AG,GAG,1,0,False,0.8016914930080967,42.167946093397816,0.18635045077864046
AG,GAT,0,0,False,1.0969929515483285,57.70042472592396,0.21252023817300705
AG,GAT,1,0,False,1.1598305066244359,61.00559966940244,0.24220654147966153
AG,TAA,0,0,False,0.4262820523571785,22.421890167417487,0.4636271436484662
AG,TAA,1,0,False,0.45103024865688734,23.723613606641273,0.38492792167348194
AG,TAC,0,0,False,0.4622241978922065,24.31240100434215,0.4994412172620674
AG,TAC,1,0,False,0.48901353185365337,25.721485671220254,0.1525298340139692
AG,TAG,0,0,False,0.7472926475881609,39.306636473404424,0.5719492826093799
AG,TAG,1,0,False,0.7902708856950386,41.56723677100759,0.3189033563407215
AG,TAT,0,0,False,1.08141488283152,56.88103825666653,0.35644868879133607
AG,TAT,1,0,False,1.143367766659385,60.13968062516871,0.5883365971900488
AT,AAA,0,21562,True,0.07517207723268804,3.9539550165149535,0.7402891046169342
AT,AAA,0,21562,False,0.22163500719907608,11.657717610190593,0.7402891046169342
AT,AAA,1,21562,True,0.09829655482984606,5.17027293089888,0.7402891046169342
AT,AAA,1,21562,False,0.2847566299965617,14.977834152109894,0.7402891046169342
AT,AAC,0,21562,True,0.01496380633546638,0.7870770544644139,0.7402891046169342
AT,AAC,0,21562,False,0.057287780374357195,3.0132638997728645,0.7402891046169342
AT,AAC,1,21562,True,0.021646178384896478,1.138561268546689,0.7402891046169342
AT,AAC,1,21562,False,0.07552828618143441,3.97269115114994,0.7402891046169342
AT,AAG,0,21562,True,0.09032487071822397,4.7509725531049485,0.7402891046169342
AT,AAG,0,21562,False,0.26299675951125556,13.833292824646362,0.7402891046169342
AT,AAG,1,21562,True,0.11758738161411939,6.184945720907015,0.7402891046169342
AT,AAG,1,21562,False,0.3374137456703092,17.747531017462528,0.7402891046169342
AT,AAT,0,21562,True,0.062104162867874416,3.2665994523178483,0.7402891046169342
AT,AAT,0,21562,False,0.1859642354888868,9.781480689001297,0.7402891046169342
AT,AAT,1,21562,True,0.08165996087877231,4.295209389592797,0.7402891046169342
AT,AAT,1,21562,False,0.23934462863988368,12.589221023615131,0.7402891046169342
AT,CAA,0,21562,True,0.13386134591242985,7.040935406767516,1.5956995769902722
AT,CAA,0,21562,False,0.3818358966807152,20.084079285089786,0.978627149632392
AT,CAA,1,21562,True,0.1730131090597499,9.100268020692354,1.5952769291691458
AT,CAA,1,21562,False,0.48870632499021166,25.705326983532892,1.0503250958237793
AT,CAC,0,21562,True,0.03192347718550966,1.6791340270075574,1.9555018425400197
AT,CAC,0,21562,False,0.10358166708674335,5.448263068863523,1.3213174749968855
AT,CAC,1,21562,True,0.04323731753681396,2.274227543907693,2.0324665100004466
AT,CAC,1,21562,False,0.13446443881836376,7.072657321454808,1.988464238504263
AT,CAG,0,21562,True,0.159516350617871,8.390355807108453,1.2932207280616412
AT,CAG,0,21562,False,0.4518649610381989,23.76751840918142,1.6486372487303362
AT,CAG,1,21562,True,0.20567416607176503,10.818197802220094,1.6076075955771112
AT,CAG,1,21562,False,0.5778594274643173,30.39466602726064,1.2071898773231167
AT,CAT,0,21562,True,0.11173622391168364,5.877182317238482,1.5772723705473723
AT,CAT,0,21562,False,0.3214421602422717,16.90744607303019,1.1024096665713008
AT,CAT,1,21562,True,0.14484590038600118,7.618708908097247,1.6626268302494298
AT,CAT,1,21562,False,0.41181983474660333,21.661196037677527,1.2307813497654547
AT,GAA,0,21562,True,0.0653321879722625,3.4363894398344015,0.8396494490665009
AT,GAA,0,21562,False,0.19477559921219265,10.244947139293204,1.0156579178119816
AT,GAA,1,21562,True,0.0857695181827425,4.511366842145177,0.7442151468620841
AT,GAA,1,21562,False,0.25056226263468323,13.179254209340101,1.3002010289234192
AT,GAC,0,21562,True,0.012120334491093293,0.637514076065181,0.7571238747758414
AT,GAC,0,21562,False,0.04952611066996364,2.6050100109090084,0.9588337656534813
AT,GAC,1,21562,True,0.018026190897564905,0.948154561532984,0.6167154632665091
AT,GAC,1,21562,False,0.06564700416124969,3.4529483683029194,0.7611325056927293
AT,GAG,0,21562,True,0.07872417240840679,4.140790674863163,0.7654767637417716
AT,GAG,0,21562,False,0.23133096728640978,12.167712696644996,0.7182663669495158
AT,GAG,1,21562,True,0.10281868157970586,5.408131008075302,0.7496638778514162
AT,GAG,1,21562,False,0.2971004322618353,15.62710234698191,0.7785417547129112
AT,GAT,0,21562,True,0.053782812211713674,2.828907061973745,0.9249798760891457
AT,GAT,0,21562,False,0.16324989934542544,8.58673568996072,0.8692914174938027
AT,GAT,1,21562,True,0.0710661562266845,3.7379888285799163,0.7204394971633649
AT,GAT,1,21562,False,0.21042729900812085,11.068206509039417,0.7402891046169342
AT,TAA,0,21562,True,0.0470839783949715,2.4765569800075373,1.1055823557508657
AT,TAA,0,21562,False,0.14496445875171415,7.6249449263385625,1.2693907048184094
AT,TAA,1,21562,True,0.06253795692542968,3.289416464340754,1.4870483417430362
AT,TAA,1,21562,False,0.1871483394219486,9.843763039823031,1.3212356005918662
AT,TAC,0,21562,True,0.006847076960448868,0.3601474815233421,3.4457715183277045
AT,TAC,0,21562,False,0.035131987759950495,1.8478975752341462,0.8956690459479194
AT,TAC,1,21562,True,0.011312874457950746,0.5950427121464119,1.3409224632174865
AT,TAC,1,21562,False,0.04732203114332676,2.4890782497822292,0.9303187015433354
AT,TAG,0,21562,True,0.057210518301357025,3.009200013654888,1.071521068209663
AT,TAG,0,21562,False,0.1726063213420764,9.078871507569895,1.0848809052023323
AT,TAG,1,21562,True,0.07542992482854834,3.967517469924247,1.106552260273665
AT,TAG,1,21562,False,0.2223388396907182,11.694738298105072,0.9832154433148386
AT,TAT,0,21562,True,0.03835075330120698,2.017200521585379,1.394158073035839
AT,TAT,0,21562,False,0.12112585146391582,6.37106470455678,0.9121304786344906
AT,TAT,1,21562,True,0.05141980021639155,2.7046156564819452,0.9395629390653644
AT,TAT,1,21562,False,0.15679971463496142,8.247464232628992,0.9118421810721906
CA,ACA,0,0,False,0.10313823927937295,5.42493933393483,0.5840798608475992
CA,ACA,1,0,False,0.14060941458225745,7.395875178968595,0.5840798608475992
CA,ACC,0,0,False,0.1707981823457924,8.983765711400613,0.5840798608475992
CA,ACC,1,0,False,0.23077649224476868,12.138548019372038,0.5840798608475992
CA,ACG,0,0,False,0.18950440125392495,9.967688875621425,0.5683500601614551
CA,ACG,1,0,False,0.2557053499502173,13.449774017229455,0.5398731449060113
CA,ACT,0,0,False,0.20189960409457647,10.619660674948035,0.5840798608475992
CA,ACT,1,0,False,0.2722238270065527,14.318624761102251,0.5840798608475992
CA,CCA,0,0,False,0.24890344571343836,13.09200256313464,0.4627543799134754
CA,CCA,1,0,False,0.3348635344258126,17.613393171143105,0.633425536520491
CA,CCC,0,0,False,0.4041175445841479,21.25606543669353,0.7374624666187444
CA,CCC,1,0,False,0.541709728391027,28.493238139962777,0.4762198119425316
CA,CCG,0,0,False,0.44703021609280963,23.513217015178174,0.4463153910391576
CA,CCG,1,0,False,0.5988973346653772,31.50123301033232,0.9005312972113245
CA,CCT,0,0,False,0.4754652125181356,25.008861420646497,0.28589286028417626
CA,CCT,1,0,False,0.6367912555706713,33.49440473279412,0.3930724604829525
CA,GCA,0,0,False,0.11819568242843591,6.216941564907333,0.8640020215592112
CA,GCA,1,0,False,0.16067572833140764,8.451337590441167,0.5544759512198031
CA,GCC,0,0,False,0.19489990811715338,10.251485628536297,0.6443069470940056
CA,GCC,1,0,False,0.26289567652036755,13.827975988746395,0.5335189652997777
CA,GCG,0,0,False,0.2161066365281337,11.366932391101003,0.4570130297426641
CA,GCG,1,0,False,0.29115684023023886,15.314477015947025,0.5440153242707683
CA,GCT,0,0,False,0.23015873874780943,12.106054976367375,0.5817195875802873
CA,GCT,1,0,False,0.30988338557951944,16.299469324947438,0.5509251999164557
CA,TCA,0,0,False,0.13812555312830282,7.2652272466812935,0.9001143893548156
CA,TCA,1,0,False,0.18723528658339486,9.848336349193051,0.739035496763961
CA,TCC,0,0,False,0.22680069455955584,11.929426151508315,0.7439118079559556
CA,TCC,1,0,False,0.3054082852854034,16.06408477913322,0.7461706516283922
CA,TCG,0,0,False,0.25131707060341785,13.21895614208363,0.5296438893639022
CA,TCG,1,0,False,0.33808005358086585,17.782577960456187,0.46023523263139865
CA,TCT,0,0,False,0.2675622271192141,14.073430575467683,0.389609443585642
CA,TCT,1,0,False,0.35972917450551006,18.92129400282615,0.32827430101427635
CG,ACA,0,21562,True,0.009903295202572436,0.5209006480562244,0.8382862627562035
CG,ACA,0,21562,False,0.0271026958684611,1.4255671019768212,0.8382862627562035
CG,ACA,1,21562,True,0.028513331553666383,1.4997647329233166,0.8382862627562035
CG,ACA,1,21562,False,0.062203931069445835,3.2718471319831437,0.8382862627562035
CG,ACC,0,21562,True,0.00976650753279908,0.5137057917610659,0.8382862627562035
CG,ACC,0,21562,False,0.02684469442887622,1.4119965565845871,0.8382862627562035
CG,ACC,1,21562,True,0.028245388577596835,1.4856712754405499,0.8382862627562035
CG,ACC,1,21562,False,0.061698551646964694,3.245264821418845,0.8382862627562035
CG,ACG,0,21562,True,0.01046941699062772,0.5506779292787558,0.8382862627562035
CG,ACG,0,21562,False,0.028170483897459898,1.481731385168912,0.8382862627562035
CG,ACG,1,21562,True,0.029622264522264227,1.5580931872587467,0.8382862627562035
CG,ACG,1,21562,False,0.06429553993138076,3.381863080147451,0.8382862627562035
CG,ACT,0,21562,True,0.016087851269322172,0.846200378823937,0.8382862627562035
CG,ACT,0,21562,False,0.03876766809189788,2.039129705782444,0.8382862627562035
CG,ACT,1,21562,True,0.04062778866036022,2.136969666094145,0.8382862627562035
CG,ACT,1,21562,False,0.08505355909874869,4.473708310999176,0.8382862627562035
CG,CCA,0,21562,True,0.011612571932253075,0.6108064155796233,1.6506185847139732
CG,CCA,0,21562,False,0.030326640377766872,1.5951424554165996,0.9270280308217081
CG,CCA,1,21562,True,0.031861503904550816,1.6758743117760808,1.6712019731336052
CG,CCA,1,21562,False,0.06851907108124491,3.604015411068417,1.0662546752074906
CG,CCC,0,21562,True,0.011463738035981455,0.6029779431939388,1.3501042977692148
CG,CCC,0,21562,False,0.030045918003003644,1.580376817924539,0.8767513300899527
CG,CCC,1,21562,True,0.03156996449041268,1.6605397118624037,0.9449733011792445
CG,CCC,1,21562,False,0.06796918534470155,3.575092125367723,0.7785795673739607
CG,CCG,0,21562,True,0.012228549319835831,0.6432060375051105,1.082460713267296
CG,CCG,0,21562,False,0.03148846331847056,1.6562528545675748,0.8219602850987897
CG,CCG,1,21562,True,0.03306809522008341,1.7393394701242517,1.0242949535585333
CG,CCG,1,21562,False,0.0707948777889242,3.723719930082746,0.8966755527992494
CG,CCT,0,21562,True,0.018341771849539393,0.9647537155554766,0.747272824738196
CG,CCT,0,21562,False,0.04301889011629193,2.262738541249909,0.9891936746663865
CG,CCT,1,21562,True,0.045042822479478946,2.3691947922291012,0.7696467533590403
CG,CCT,1,21562,False,0.09338095500391996,4.911718673701251,0.861500621104608
CG,GCA,0,21562,True,0.006196029060064964,0.32590319552674485,0.7784816401302508
CG,GCA,0,21562,False,0.020110252739076632,1.0577735460857942,0.7554186940972395
CG,GCA,1,21562,True,0.02125144950719832,1.1177990349674995,0.7124354907063946
CG,GCA,1,21562,False,0.048506965362019906,2.551404272565123,0.8358608067298086
CG,GCC,0,21562,True,0.0060853685626016995,0.3200825950433961,0.7823590934730612
CG,GCC,0,21562,False,0.019901530946403307,1.0467950470263347,0.8002774065056055
CG,GCC,1,21562,True,0.021034685064374108,1.1063975028074413,0.8125876651179024
CG,GCC,1,21562,False,0.04809811609664296,2.5298993246729466,0.8382862627562035
CG,GCG,0,21562,True,0.006654018576187226,0.3499928576918264,0.8614614377684318
CG,GCG,0,21562,False,0.020974087576457145,1.1032101525284832,0.8243026760468807
CG,GCG,1,21562,True,0.02214857038192175,1.1649864443569333,0.8706535948550344
CG,GCG,1,21562,False,0.0501990658089666,2.640406589608223,0.823755119431731
CG,GCT,0,21562,True,0.011199302031012886,0.5890689479009634,0.6876570585973072
CG,GCT,0,21562,False,0.029547153238072662,1.5541424298783588,0.8588137372167195
CG,GCT,1,21562,True,0.031051980886564336,1.633294437495846,0.8567867385481472
CG,GCT,1,21562,False,0.06699219293233229,3.5237035753609574,0.8382862627562035
CG,TCA,0,21562,True,0.012544021834789776,0.6597994878791589,0.8675351827836268
CG,TCA,0,21562,False,0.0320834903639816,1.6875505153236805,0.9664431086406748
CG,TCA,1,21562,True,0.03368605036666175,1.7718431196407,1.671534111904255
CG,TCA,1,21562,False,0.07196043107073874,3.7850265404000414,0.8743057591051449
CG,TCC,0,21562,True,0.012388623491519665,0.6516257339860871,0.9682780692829345
CG,TCC,0,21562,False,0.03179038648744636,1.6721336266909614,0.8979650288007579
CG,TCC,1,21562,True,0.033381652355926855,1.7558321740094271,0.977805994504332
CG,TCC,1,21562,False,0.0713862921508602,3.754827568308273,0.8485804296783035
CG,TCG,0,21562,True,0.01318716743481842,0.6936281229947119,0.5740371845554696
CG,TCG,0,21562,False,0.03329655650470179,1.7513562411867323,0.8419369381119044
CG,TCG,1,21562,True,0.034945859429885366,1.8381074633805317,0.8171177250606595
CG,TCG,1,21562,False,0.07433661419055004,3.9100107301764364,0.7792442242769253
CG,TCT,0,21562,True,0.019570018901823926,1.0293579379300626,1.1821804799305689
CG,TCT,0,21562,False,0.04533554269309473,2.384591500683476,1.4126347945505264
CG,TCT,1,21562,True,0.04744874233382734,2.4957430961689737,1.4184026461417292
CG,TCT,1,21562,False,0.09791886976609279,5.150407180111291,0.8422715570098684
CT,ACA,0,13467,True,3.378846472513713,177.7229983771159,0.7297929087827553
CT,ACA,0,13467,False,2.2386654707913127,117.75093750748546,0.4177312388901782
CT,ACA,1,13467,True,10.94722094929739,575.8098057525796,0.5443716395790136
CT,ACA,1,13467,False,7.260281005469185,381.8814852491552,0.49288692426566205
CT,ACC,0,13467,True,3.0777292401982645,161.88461749018947,0.5506232647385015
CT,ACC,0,13467,False,2.0388742241778055,107.24217373662425,0.4271148777862658
CT,ACC,1,13467,True,9.973514888661656,524.5941136393445,0.6182497473232631
CT,ACC,1,13467,False,6.614227153972092,347.89987982991653,0.4149868374806318
CT,ACG,0,13467,True,5.19000238112258,272.98748027200656,0.5430342152935748
CT,ACG,0,13467,False,3.440367193439025,180.9589095302599,0.49194924443416765
CT,ACG,1,13467,True,16.80385516251707,883.8612668765442,0.44425724308215486
CT,ACG,1,13467,False,11.146157085761683,586.273591824425,0.5185905426901969
CT,ACT,0,13467,True,3.0906685971789085,162.5652111005766,0.8982662513353087
CT,ACT,0,13467,False,2.0474594859433353,107.69374751342484,0.38880896359158756
CT,ACT,1,13467,True,10.015356168271929,526.7949113757213,0.9031243978328785
CT,ACT,1,13467,False,6.641988837848367,349.36010885737477,0.5211182223309473
CT,CCA,0,13467,True,3.459796693736352,181.98087636950518,0.5351391003394469
CT,CCA,0,13467,False,2.2923759326182442,120.57603903185286,0.35375850269889475
CT,CCA,1,13467,True,11.208985181148837,589.5782692003761,0.5411700603750972
CT,CCA,1,13467,False,7.433961541113987,391.0168590536874,0.5633163899182007
CT,CCC,0,13467,True,3.1514855501508654,165.76410496043732,0.8847238954236902
CT,CCC,0,13467,False,2.087811526761688,109.81621319608077,0.5765798221532151
CT,CCC,1,13467,True,10.21201656941482,537.1389966833792,0.5175385036932604
CT,CCC,1,13467,False,6.772472989823733,356.223408187014,0.6109137419089941
CT,CCG,0,13467,True,5.314222443803804,279.52129652494693,0.48939785124089413
CT,CCG,0,13467,False,3.5227871897529206,185.29409581063533,0.5854995029384775
CT,CCG,1,13467,True,17.205538676127972,904.9893054004355,0.9541609591305347
CT,CCG,1,13467,False,11.412674047648284,600.2920427869536,0.5142712677787161
CT,CCT,0,13467,True,3.1647340378487856,166.46095845076033,0.4210787742375744
CT,CCT,0,13467,False,2.0966018967201174,110.27857540121938,0.68061893971275
CT,CCT,1,13467,True,10.254857467846726,539.3923730899206,0.673193784052905
CT,CCT,1,13467,False,6.800897920665242,357.71852315566093,0.5372742437113328
CT,GCA,0,13467,True,3.0116694134884434,158.4099551843855,0.9009296908234021
CT,GCA,0,13467,False,1.9950435372790856,104.93673572399568,0.3857407134611004
CT,GCA,1,13467,True,9.759900898066409,513.3582912328754,0.6616804695559036
CT,GCA,1,13467,False,6.472494297479835,340.4449130448712,0.5700026745226583
CT,GCC,0,13467,True,2.7431825945693524,144.28789226403748,0.4543681107644438
CT,GCC,0,13467,False,1.816902565941564,95.56674871290704,0.6541380039623796
CT,GCC,1,13467,True,8.891709991913093,467.6925611499925,0.5328322638586079
CT,GCC,1,13467,False,5.896449738006836,310.14570675030325,0.4971618031638013
CT,GCG,0,13467,True,4.626560347261025,243.35115068906492,0.5737445463270658
CT,GCG,0,13467,False,3.0665234732572397,161.29520849629918,0.5222076851596433
CT,GCG,1,13467,True,14.981883968875177,788.0279148361737,0.5433517169984534
CT,GCG,1,13467,False,9.937279422824494,522.6881745300777,0.5735023689346788
CT,GCT,0,13467,True,2.754719784812096,144.89473369926318,0.5688202723044005
CT,GCT,0,13467,False,1.8245574902489183,95.96938793055718,0.6973780476956154
CT,GCT,1,13467,True,8.929017162863367,469.65487057606055,0.583352130795239
CT,GCT,1,13467,False,5.9212030413447545,311.4476988131981,0.5053051467312721
CT,TCA,0,13467,True,3.7283012341052686,196.10387141542455,1.0434211106324616
CT,TCA,0,13467,False,2.4705286621355462,129.9466445081435,0.5036669399168774
CT,TCA,1,13467,True,12.07723339216965,635.2470134459197,0.5568187793780168
CT,TCA,1,13467,False,8.010044122359526,421.3180652448101,0.5102850788574717
CT,TCC,0,13467,True,3.396128539435149,178.6320129702373,0.5511825386596859
CT,TCC,0,13467,False,2.250132120068544,118.35406857824175,0.4711618486631955
CT,TCC,1,13467,True,11.003105008712783,578.749235727153,1.2096609155414453
CT,TCC,1,13467,False,7.2973600720193454,383.83179667582874,0.5148186025019068
CT,TCG,0,13467,True,5.72624912305261,301.19337231860874,0.5848581750334585
CT,TCG,0,13467,False,3.7961668407683913,199.6735154347573,0.4809191670987978
CT,TCG,1,13467,True,18.537886451920127,975.0690925470539,0.6390590185768592
CT,TCG,1,13467,False,12.29668663305019,646.7899729411611,0.5040969709935392
CT,TCT,0,13467,True,3.4104023856793804,179.38279900728722,1.0263340589494836
CT,TCT,0,13467,False,2.259602815296364,118.85221502150168,0.5849127417114067
CT,TCT,1,13467,True,11.049261552095297,581.1770108129386,0.5769602093868125
CT,TCT,1,13467,False,7.327984932877863,385.4426251467088,0.6186269523717884
GA,AGA,0,0,False,0.573199834742597,30.14957741596773,0.28116664719849177
GA,AGA,1,0,False,0.6102761532255864,32.09974429782656,0.2705110868745957
GA,AGC,0,0,False,0.7759881955023014,40.81598555358952,0.29448649926415327
GA,AGC,1,0,False,0.8259675024935105,43.44483311075002,0.3167421820791279
GA,AGG,0,0,False,1.1648622840334482,61.270264718723425,0.2636228164415627
GA,AGG,1,0,False,1.2395848153234492,65.20057419422534,0.3231910639026081
GA,AGT,0,0,False,0.7306652673484634,38.43205756152003,0.2774059600271676
GA,AGT,1,0,False,0.7777607736178905,40.90922089296432,0.7108636665298923
GA,CGA,0,0,False,1.5155846652341034,79.7178129254848,0.44795264066439255
GA,CGA,1,0,False,1.6126229095031634,84.82190033195346,0.3266386891120657
GA,CGC,0,0,False,2.0463338682692105,107.63454146494082,0.5659141341545839
GA,CGC,1,0,False,2.177142546116673,114.51491043994844,0.3325038937475709
GA,CGG,0,0,False,3.064117195653955,161.16864137522327,0.3134925588289463
GA,CGG,1,0,False,3.259685243950021,171.45527032172282,0.3783138703987037
GA,CGT,0,0,False,1.9277121292958816,101.39518987126996,0.3709837380308256
GA,CGT,1,0,False,2.0509731602810493,107.8785622848858,0.4225535673660916
GA,GGA,0,0,False,0.8094960315788858,42.578454829747294,0.3526524571748738
GA,GGA,1,0,False,0.8616073703208904,45.31944452727107,0.3280516679298474
GA,GGC,0,0,False,1.0945182072658592,57.570256345183694,0.3695473522318837
GA,GGC,1,0,False,1.1647648958065369,61.26514222267807,0.33096506236144113
GA,GGG,0,0,False,1.6410867497907131,86.31906188764475,0.8732284744065508
GA,GGG,1,0,False,1.7461104225563826,91.84317260896019,0.3373349591862978
GA,GGT,0,0,False,1.0308161311579578,54.219608702314936,0.2910818311108077
GA,GGT,1,0,False,1.097009593207278,57.7013000558777,0.31622882481424347
GA,TGA,0,0,False,0.5488648082254179,28.86958617830663,0.22487860587433486
GA,TGA,1,0,False,0.5843927411584575,30.738309962700253,0.267971539362339
GA,TGC,0,0,False,0.7431842977393858,39.09054253144935,0.2568578570010963
GA,TGC,1,0,False,0.7910763630650767,41.60960384938556,0.28251865361977485
GA,TGG,0,0,False,1.1158181810919128,58.69060769719528,0.2903426671525168
GA,TGG,1,0,False,1.1874201412885834,62.45677912858446,0.26948280839928734
GA,TGT,0,0,False,0.6997541510133212,36.80617241907427,0.40556107417806764
GA,TGT,1,0,False,0.7448828492403419,39.17988416567379,0.44156620698003546
GC,AGA,0,21562,True,0.04434006924273384,2.332230871740389,1.1947930325769467
GC,AGA,0,21562,False,0.10783625043670078,5.672048705751977,1.1947930325769467
GC,AGA,1,21562,True,0.17507835616608466,9.208897374264142,1.1947930325769467
GC,AGA,1,21562,False,0.3927434882783843,20.657804637685818,1.1947930325769467
GC,AGC,0,21562,True,0.025668714391587657,1.3501415122791647,1.1947930325769467
GC,AGC,0,21562,False,0.0671472964769418,3.5318618232219245,1.1947930325769467
GC,AGC,1,21562,True,0.11107288616820524,5.842291601230309,1.1947930325769467
GC,AGC,1,21562,False,0.25326161121703245,13.32123648868386,1.1947930325769467
GC,AGG,0,21562,True,0.02225582683374295,1.17062799639785,1.1947930325769467
GC,AGG,0,21562,False,0.05970987022597786,3.1406627248661407,1.1947930325769467
GC,AGG,1,21562,True,0.09937349563488489,5.226918638391998,1.1947930325769467
GC,AGG,1,21562,False,0.22776608791073696,11.980204605747344,1.1947930325769467
GC,AGT,0,21562,True,0.03397145524367487,1.7868550507559031,1.1947930325769467
GC,AGT,0,21562,False,0.0852407794064705,4.483555859479428,1.1947930325769467
GC,AGT,1,21562,True,0.1395347109658746,7.339347144734416,1.1947930325769467
GC,AGT,1,21562,False,0.31528613423829577,16.58364698703616,1.1947930325769467
GC,CGA,0,21562,True,0.07003876797856949,3.6839495221367997,1.321392286032363
GC,CGA,0,21562,False,0.16383931920296882,8.617738419808843,1.5312552027757524
GC,CGA,1,21562,True,0.26317358567858556,13.842593654650054,1.088094485856599
GC,CGA,1,21562,False,0.5847222046749883,30.755639321843983,1.164357060110578
GC,CGC,0,21562,True,0.042456268618587784,2.2331453708182805,1.1654184292101006
GC,CGC,0,21562,False,0.10373103806853999,5.45611979126017,1.3309236922630645
GC,CGC,1,21562,True,0.168620681011174,8.869231929144847,1.1421923258223965
GC,CGC,1,21562,False,0.37867080586406515,19.917599560530878,1.1947930325769467
GC,CGG,0,21562,True,0.03741453653056191,1.9679567181265627,1.8686341768411678
GC,CGG,0,21562,False,0.09274400437748832,4.8782158862652185,1.2462637365679363
GC,CGG,1,21562,True,0.1513376057083833,7.960164296455307,1.1199808600313323
GC,CGG,1,21562,False,0.3410072157880013,17.936542944784485,1.1947930325769467
GC,CGT,0,21562,True,0.05472159944565045,2.878286068510635,1.864996116276339
GC,CGT,0,21562,False,0.13045986869182652,6.8620220600159705,1.2721374727807189
GC,CGT,1,21562,True,0.21066627815847658,11.080776506373223,1.2010054553891454
GC,CGT,1,21562,False,0.4702973311042593,24.737037474929252,1.2107692796483305
GC,GGA,0,21562,True,0.024422675726707765,1.2846014738614013,1.1947930325769467
GC,GGA,0,21562,False,0.06443190649739433,3.3890357869240018,1.1605906996418272
GC,GGA,1,21562,True,0.10680146124928612,5.6176201193774284,1.1947930325769467
GC,GGA,1,21562,False,0.24395324483151548,12.831628334692745,1.1947930325769467
GC,GGC,0,21562,True,0.012657770641173832,0.6657825294576514,1.244697645730012
GC,GGC,0,21562,False,0.03879361269479766,2.0404943586770226,1.3086724622435273
GC,GGC,1,21562,True,0.06647132530128794,3.4963066048564286,1.391382636251504
GC,GGC,1,21562,False,0.1560650836422817,8.208823582992531,1.1705486502821032
GC,GGG,0,21562,True,0.010507294764851557,0.5526702517064463,1.4366750363216119
GC,GGG,0,21562,False,0.03410725679717635,1.7939980385977266,1.1954637267239638
GC,GGG,1,21562,True,0.059099486445434425,3.1085573195091953,1.1833636713926694
GC,GGG,1,21562,False,0.14000023916817161,7.363833332140198,1.1802569984871536
GC,GGT,0,21562,True,0.017889365180152605,0.9409577039807311,1.1254425248696664
GC,GGT,0,21562,False,0.050194398070560926,2.6401610725443834,1.1947930325769467
GC,GGT,1,21562,True,0.08440524975268468,4.439608069453521,1.22088487663216
GC,GGT,1,21562,False,0.19514701594650774,10.264483183977948,1.1947930325769467
GC,TGA,0,21562,True,0.0483413661765263,2.5426939674316564,2.736930460789136
GC,TGA,0,21562,False,0.11655594903470645,6.130693687815753,1.2437018052140005
GC,TGA,1,21562,True,0.18879481610646973,9.930365605376538,1.3044557727237729
GC,TGA,1,21562,False,0.4226346456932918,22.23004124682289,1.3787231312937633
GC,TGC,0,21562,True,0.028282542817098636,1.4876255408682328,1.2105133616366552
GC,TGC,0,21562,False,0.07284339862444059,3.831469503224824,1.082623223715864
GC,TGC,1,21562,True,0.12003309918983163,6.3135873340359545,1.141217124757814
GC,TGC,1,21562,False,0.272787869381646,14.348292667865342,1.174611850667644
GC,TGG,0,21562,True,0.0246160435611974,1.2947723743787076,1.3093853831408007
GC,TGG,0,21562,False,0.06485329717726585,3.4112003971613,1.224191298379119
GC,TGG,1,21562,True,0.10746432686496594,5.652486002067881,1.0367750809997667
GC,TGG,1,21562,False,0.24539777356191175,12.907608696421617,1.1947930325769467
GC,TGT,0,21562,True,0.03720226039939811,1.9567912654132709,2.6322323440962996
GC,TGT,0,21562,False,0.09228140839575381,4.8538839299067815,1.3442388607219438
GC,TGT,1,21562,True,0.15060992238530432,7.921889085344455,1.148121403740707
GC,TGT,1,21562,False,0.33942143513811823,17.85313291294129,1.1320006531148226
GT,AGA,0,0,False,2.1726760916798047,114.27998065515578,1.158063871452019
GT,AGA,1,0,False,5.8386938390150185,307.1078204106036,1.158063871452019
GT,AGC,0,0,False,2.0604050937133604,108.37466990733029,1.158063871452019
GT,AGC,1,0,False,5.537810036956024,291.2817176562962,1.158063871452019
GT,AGG,0,0,False,2.2825443501733576,120.05891038303409,1.158063871452019
GT,AGG,1,0,False,6.133138352201059,322.59522481468196,1.158063871452019
GT,AGT,0,0,False,1.9703044427143057,103.63549102437584,1.158063871452019
GT,AGT,1,0,False,5.296342276522568,278.58082261867276,1.158063871452019
GT,CGA,0,0,False,2.5622326458042264,134.770156636707,1.1236057418030938
GT,CGA,1,0,False,6.882696825048769,362.0210407957087,1.0412258000604644
GT,CGC,0,0,False,2.429919367878978,127.81064762400965,1.4255686394427722
GT,CGC,1,0,False,6.528100154081828,343.3697099076544,1.2416929820125346
GT,CGG,0,0,False,2.691714254452309,141.5807234709289,1.1488382264927874
GT,CGG,1,0,False,7.229704684713418,380.27320992553194,1.0260451422122163
GT,CGT,0,0,False,2.323734220398175,122.22544481976237,1.3865720615473895
GT,CGT,1,0,False,6.243526297298544,328.4014893925508,1.1814899247122543
GT,GGA,0,0,False,2.001693323774313,105.28650597964754,1.1194492745044755
GT,GGA,1,0,False,5.380463786500911,283.0055063392797,1.158063871452019
GT,GGC,0,0,False,1.8982192115647925,99.84390015961897,1.171987665862428
GT,GGC,1,0,False,5.103155444540817,268.4194426015363,1.1435678007381036
GT,GGG,0,0,False,2.102952960844827,110.61263324264861,1.0216517988809448
GT,GGG,1,0,False,5.651837383856805,297.27941010934154,1.1434835394455016
GT,GGT,0,0,False,1.8151783101699956,95.47605506695862,1.1210667092931483
GT,GGT,1,0,False,4.880607657573248,256.7137139441927,1.178107960468283
GT,TGA,0,0,False,1.9995452564014873,105.17352038609654,1.212461888538835
GT,TGA,1,0,False,5.374707013247609,282.7027074367913,1.1160722757472947
GT,TGC,0,0,False,1.8961816600264474,99.73672755746365,1.1394424155391556
GT,TGC,1,0,False,5.097694851290086,268.1322223879716,1.1489281447381934
GT,TGG,0,0,False,2.1006967428143044,110.49395906297252,1.0428788778693372
GT,TGG,1,0,False,5.645790769222626,296.9613659213149,1.1033084081490783
GT,TGT,0,0,False,1.813229450714313,95.37354755479521,1.2033363773960277
GT,TGT,1,0,False,4.875384757150829,256.4389960690692,1.1023802747754212
TA,ATA,0,0,False,0.01954393578867487,1.0279859995737126,0.7876865069411743
TA,ATA,1,0,False,0.02327716752394642,1.2243492090377586,0.7876865069411743
TA,ATC,0,0,False,0.04290338097833329,2.2566629084844183,0.7876865069411743
TA,ATC,1,0,False,0.04963856144220607,2.610924777553578,0.7876865069411743
TA,ATG,0,0,False,0.09498642126755912,4.996164143623707,0.7876865069411743
TA,ATG,1,0,False,0.10841485216218902,5.702482415704901,0.7876865069411743
TA,ATT,0,0,False,0.02199656560663436,1.1569911877948271,0.7876865069411743
TA,ATT,1,0,False,0.026044987574549473,1.369932999944813,0.7876865069411743
TA,CTA,0,0,False,0.04181949477987745,2.199651882190041,0.7446893597474822
TA,CTA,1,0,False,0.04841538380215199,2.5465871997717358,0.906421768233766
TA,CTC,0,0,False,0.08309105760229206,4.370483244957518,0.5170921047150128
TA,CTC,1,0,False,0.09499080185469778,4.996394556898554,0.59480699377252
TA,CTG,0,0,False,0.17511158513737118,9.210645175609384,0.840449298886775
TA,CTG,1,0,False,0.19883699148903955,10.458571173086579,0.7362622936893654
TA,CTT,0,0,False,0.04615281112323204,2.4275787737260726,0.6905596922436228
TA,CTT,1,0,False,0.053305579531208715,2.803805233999954,0.7752762439269548
TA,GTA,0,0,False,0.0016412162303572923,0.08632587239966749,0.4599722389997377
TA,GTA,1,0,False,0.00307374922127729,0.1616752735907293,0.5062192010210143
TA,GTC,0,0,False,0.010604810846682147,0.5577994727568563,0.6680938450640007
TA,GTC,1,0,False,0.01318926552254379,0.6937384797227977,0.7520334155597314
TA,GTG,0,0,False,0.030590356554121182,1.6090135886460915,1.0664871576074058
TA,GTG,1,0,False,0.035743176319125,1.8800453109166946,0.8315310475113662
TA,GTT,0,0,False,0.0025823507159414044,0.135828341367924,0.45112589321881363
TA,GTT,1,0,False,0.004135829964338991,0.2175393608498034,0.6373917096820565
TA,TTA,0,0,False,0.03334261498041807,1.7537788580388343,1.114783837318016
TA,TTA,1,0,False,0.03884913058950219,2.0434145288566206,1.10071833778849
TA,TTC,0,0,False,0.06779778912380478,3.566076903594235,0.6864993526573766
TA,TTC,1,0,False,0.07773217814228243,4.0886130465563735,0.6028436776682186
TA,TTG,0,0,False,0.14462025680282176,7.606840344522835,0.7580937627437988
TA,TTG,1,0,False,0.16442718805441425,8.64865956872203,0.6807015317650826
TA,TTT,0,0,False,0.03696024317325158,1.944061469182643,0.8503272359452876
TA,TTT,1,0,False,0.04293166427413377,2.258150573631249,0.9253391695273143
TC,ATA,0,0,False,0.9499617487890544,49.96677171092571,0.4408927432162748
TC,ATA,1,0,False,1.1056281256674125,58.15462382861665,0.37904128817025845
TC,ATC,0,0,False,1.4353473251489477,75.49743156819589,0.22537265719978294
TC,ATC,1,0,False,1.669763841664919,87.82744020375932,0.1957239990946651
TC,ATG,0,0,False,1.0188052322351406,53.58785079702619,0.26249975085806354
TC,ATG,1,0,False,1.1856409437591156,62.363195616514744,0.174127065954044
TC,ATT,0,0,False,0.7558078634143305,39.75452592347738,0.22443828989101094
TC,ATT,1,0,False,0.8799742404387412,46.285518379605364,0.22916409649447714
TC,CTA,0,0,False,0.5632272364994353,29.62503151670807,0.3305984377161532
TC,CTA,1,0,False,0.6561488629591887,34.512590097083525,0.3781957961883205
TC,CTC,0,0,False,0.8529675010313879,44.864998464625785,0.22002173038173484
TC,CTC,1,0,False,0.9928972946098373,52.225126448941005,0.24692629594525412
TC,CTG,0,0,False,0.6043218426773915,31.78655518654196,0.2203149456215299
TC,CTG,1,0,False,0.7039107582624965,37.02480463850445,0.14479781852514223
TC,CTT,0,0,False,0.44733133672785075,23.529055575044115,0.2699600512763264
TC,CTT,1,0,False,0.521449729768752,27.4275881521466,0.23326117123174236
TC,GTA,0,0,False,0.409055725237695,21.515807416512857,0.340320307263448
TC,GTA,1,0,False,0.4769641897261872,25.087705702587396,0.34197544391111273
TC,GTC,0,0,False,0.6208020884309446,32.65339501283753,0.17104792866242918
TC,GTC,1,0,False,0.7230647992781326,38.03228267221475,0.27120023953101824
TC,GTG,0,0,False,0.43908825599105006,23.09548008224613,0.23171290725901844
TC,GTG,1,0,False,0.511869271510486,26.923668314019384,0.3360835130360824
TC,GTT,0,0,False,0.32435733053827254,17.060780298186547,0.2379997271640607
TC,GTT,1,0,False,0.37852412091340826,19.909884119933142,0.4048411279650631
TC,TTA,0,0,False,0.3962262604671537,20.840993995677582,0.5434717039520842
TC,TTA,1,0,False,0.4620532413035505,24.303408906661648,0.44754717036270564
TC,TTC,0,0,False,0.6014823194443203,31.63719990004163,0.23187033793136574
TC,TTC,1,0,False,0.7006105438552344,36.85121758608367,0.2836920711942362
TC,TTG,0,0,False,0.4253382546973371,22.37224761889307,0.2525564606742005
TC,TTG,1,0,False,0.4958884364742096,26.083096852036338,0.2215757755668917
TC,TTT,0,0,False,0.31412398283875465,16.522519311370875,0.33985050161768837
TC,TTT,1,0,False,0.36663048992665137,19.28429435793817,0.44430439443928976
TG,ATA,0,0,False,0.0070717362751007385,0.3719642738334036,0.6116335952765815
TG,ATA,1,0,False,0.00815347525375181,0.4288623591152252,0.6116335952765815
TG,ATC,0,0,False,0.13715815313206756,7.214343245481608,0.6116335952765815
TG,ATC,1,0,False,0.14672839131011178,7.717725520474353,0.6116335952765815
TG,ATG,0,0,False,0.04216365013635791,2.2177540133045532,0.6116335952765815
TG,ATG,1,0,False,0.045535233742246106,2.3950949941961164,0.6116335952765815
TG,ATT,0,0,False,0.07122084461880168,3.746125239951324,0.6116335952765815
TG,ATT,1,0,False,0.07648849068885964,4.0231966788509,0.6116335952765815
TG,CTA,0,0,False,0.018579699545286963,0.977268407723114,0.6535994173990146
TG,CTA,1,0,False,0.02041236501853915,1.0736642651786565,0.7482694907717937
TG,CTC,0,0,False,0.23897009817005094,12.569521200428804,0.28053101451147294
TG,CTC,1,0,False,0.25518384790621434,13.422343677415569,0.32140856182861466
TG,CTG,0,0,False,0.07803187811433755,4.104376881368183,0.558539780439454
TG,CTG,1,0,False,0.08374396299492455,4.404825232668167,0.44382552884907966
TG,CTT,0,0,False,0.12726012830086048,6.693719812211326,0.4141238553387567
TG,CTT,1,0,False,0.13618449292895785,7.163129965415528,0.48085441453727007
TG,GTA,0,0,False,-5.2837825852321996e-05,-0.0027792019893749242,0.3449873605206881
TG,GTA,1,0,False,0.0005640029488728665,0.029665832994373864,0.6452196404863204
TG,GTC,0,0,False,0.07412643068431815,3.8989553468552884,1.0173341749364762
TG,GTC,1,0,False,0.07958367429720045,4.185999373757837,0.5912717736530422
TG,GTG,0,0,False,0.019957648770239658,1.0497467727101524,0.8121151150055294
TG,GTG,1,0,False,0.021880229249035245,1.1508720443353715,1.4714217383499313
TG,GTT,0,0,False,0.036526953112255636,1.9212709667334704,1.035167255770531
TG,GTT,1,0,False,0.039530726616733146,2.0792656072133404,0.9230070125544995
TG,TTA,0,0,False,0.00765386451992518,0.402583474188263,0.6346742680803136
TG,TTA,1,0,False,0.008773588979762725,0.46147954714610806,0.5813743556475996
TG,TTC,0,0,False,0.1423082919946644,7.485233955718075,0.4166274715688447
TG,TTC,1,0,False,0.15221459100571613,8.00629260025441,0.40239524885726274
TG,TTG,0,0,False,0.043978037974375946,2.3131884905483933,0.7113035180703589
TG,TTG,1,0,False,0.047468015414782155,2.4967568355510728,0.6668015415302253
TG,TTT,0,0,False,0.07405558166871651,3.8952287793455715,0.5144921855359659
TG,TTT,1,0,False,0.07950820218699184,4.182029637390933,0.39862324462368937
